INSERT INTO clients (document, name, email, phone, delivery_address, is_deleted)
VALUES ('CE-123456789', 'John Doe', 'john.doe@example.com', '123-4567890', '123 Main St', FALSE),
       ('CC-234567890', 'Jane Smith', 'jane.smith@example.com', '234-5678901', '456 Elm St', FALSE),
       ('TI-345678901', 'Alice Johnson', 'alice.johnson@example.com', '345-6789012', '789 Oak St', FALSE),
       ('P-456789012', 'Bob Brown', 'bob.brown@example.com', '456-7890123', '101 Pine St', FALSE),
       ('CE-567890123', 'Charlie Davis', 'charlie.davis@example.com', '567-8901234', '202 Maple St', FALSE),
       ('CE-678901234', 'David Evans', 'david.evans@example.com', '678-9012345', '303 Birch St', FALSE),
       ('CC-789012345', 'Emma Wilson', 'emma.wilson@example.com', '789-0123456', '404 Cedar St', FALSE),
       ('TI-890123456', 'Frank Harris', 'frank.harris@example.com', '890-1234567', '505 Spruce St', FALSE),
       ('P-901234567', 'Grace Martin', 'grace.martin@example.com', '901-2345678', '606 Fir St', FALSE),
       ('CE-012345678', 'Henry Clark', 'henry.clark@example.com', '012-3456789', '707 Ash St', FALSE),
       ('CC-123456780', 'Ivy Lewis', 'ivy.lewis@example.com', '123-4567801', '808 Pine St', FALSE),
       ('TI-234567891', 'Jack Walker', 'jack.walker@example.com', '234-5678912', '909 Maple St', FALSE),
       ('P-345678902', 'Karen Hall', 'karen.hall@example.com', '345-6789023', '1010 Oak St', FALSE),
       ('CE-456789013', 'Leo Allen', 'leo.allen@example.com', '456-7890134', '1111 Elm St', FALSE),
       ('CC-567890124', 'Mia Young', 'mia.young@example.com', '567-8901245', '1212 Birch St', FALSE),
       ('TI-678901235', 'Noah King', 'noah.king@example.com', '678-9012356', '1313 Cedar St', FALSE),
       ('P-789012346', 'Olivia Scott', 'olivia.scott@example.com', '789-0123467', '1414 Spruce St', FALSE),
       ('CE-890123457', 'Paul Green', 'paul.green@example.com', '890-1234578', '1515 Fir St', FALSE),
       ('CC-901234568', 'Quinn Baker', 'quinn.baker@example.com', '901-2345689', '1616 Ash St', FALSE),
       ('TI-012345679', 'Rachel Adams', 'rachel.adams@example.com', '012-3456790', '1717 Pine St', FALSE);

INSERT INTO products (uuid, fantasy_name, category, description, price, available, is_deleted)
VALUES ('be1cf063-79a8-4f25-9f04-18a157f5249d', 'Classic Burger', 'HAMBURGERS_AND_HOT_DOGS',
        'A delicious classic burger with all the fixings.', 5.99, TRUE, FALSE),
       ('be1cf063-79a8-4f25-9f04-18a157f5241c', 'Cheese Pizza', 'VEGAN_FOOD',
        'A cheesy vegan pizza with a crispy crust.', 8.99, TRUE, FALSE),
       ('be1cf063-79a8-4f25-9f04-18a157f5242e', 'Chicken Wings', 'CHICKEN', 'Spicy chicken wings served with ranch.',
        7.99, TRUE, FALSE),
       ('b2c3d4e5-f6a7-8b9c-0d1e-2f3a4b5c6d7e', 'Fish Tacos', 'FISH', 'Fish tacos with a fresh cilantro lime slaw.',
        6.99, TRUE, FALSE),
       ('238f3d59-c10d-4745-913d-8f9e0d36532b', 'Chocolate Cake', 'DESSERTS',
        'Rich chocolate cake with a smooth frosting.', 4.99, TRUE, FALSE),
       ('be1cf063-79a8-4f25-9f04-18a157f2149d', 'Medieval Burger', 'HAMBURGERS_AND_HOT_DOGS',
        'A delicious classic burger with all the fixings.', 5.99, TRUE, FALSE),
       ('be1cf063-79a8-4f25-9f04-18a157f2142a', 'BBQ Chicken', 'CHICKEN',
        'A delicious classic chicken with all the sauces.', 15.99, TRUE, FALSE),
       ('a4e2b14d-d1d9-4b82-a1d2-8b4d4f1c0f5f', 'Veggie Burger', 'HAMBURGERS_AND_HOT_DOGS',
        'A delicious veggie burger with a blend of vegetables and spices.', 6.49, TRUE, FALSE),
       ('b7a2c9f1-0e2c-4b54-845b-9c4e3a6b9e3a', 'Falafel Wrap', 'VEGAN_FOOD',
        'A wrap filled with crispy falafel, hummus, and vegetables.', 7.49, TRUE, FALSE),
       ('e5f2d6c8-3f3e-4a7c-8c1a-d1c7b4a2e1f5', 'Buffalo Wings', 'CHICKEN',
        'Hot and spicy buffalo wings with a side of celery and ranch.', 8.99, TRUE, FALSE),
       ('c6e8b7d2-1b3a-4b8e-9d9a-8f2b3a4e5d6f', 'Grilled Salmon', 'FISH',
        'Perfectly grilled salmon with a lemon dill sauce.', 12.99, TRUE, FALSE),
       ('f7e8c9d1-0d3a-4b2e-a1d9-8b7d6f5e3c1f', 'Carrot Cake', 'DESSERTS',
        'Moist carrot cake with cream cheese frosting.', 5.49, TRUE, FALSE),
       ('a9d2b3e4-6f7a-4e8d-9b2c-4e5d6f7a8b9c', 'Greek Salad', 'VEGAN_FOOD',
        'A fresh Greek salad with cucumbers, tomatoes, olives, and feta.', 6.99, TRUE, FALSE),
       ('b0e2f3d4-7a8b-4c1e-9d2f-3c4d5e6f7a8b', 'Steak Frites', 'HAMBURGERS_AND_HOT_DOGS',
        'Juicy steak served with crispy fries.', 13.49, TRUE, FALSE),
       ('d2e8f9a0-1b3c-4d6e-8a7b-9e0c1d2f3e4f', 'Mango Smoothie', 'VEGAN_FOOD',
        'Refreshing smoothie made with fresh mangoes and almond milk.', 4.99, TRUE, FALSE),
       ('e3c9b7d2-0a4d-4e5f-9b8a-7c2d1e3f4a5e', 'Pasta Alfredo', 'PASTA',
        'Creamy Alfredo pasta with grilled chicken.', 11.99, TRUE, FALSE),
       ('f4e8b7d1-2c4d-4e9a-8b6d-3c5f7a8b9e0c', 'Apple Pie', 'DESSERTS',
        'Classic apple pie with a flaky crust and sweet apple filling.', 4.79, TRUE, FALSE);


INSERT INTO orders (uuid, product_id, creation_date_time, client_document, quantity, extra_information, sub_total, tax, grand_total, delivered, delivery_date)
VALUES
    ('b4d7c15d-8b1d-4d4d-b8e1-4d4e7a82d2a2', 'be1cf063-79a8-4f25-9f04-18a157f5249d', '2024-09-06T10:15:00', 'CE-123456789', 2, 'Extra ketchup on the side', 11.98, 2.28, 14.26, FALSE, NULL),
    ('f4e2c35a-0e1b-45a1-a1e5-2b4c7e6b2e5d', 'b2c3d4e5-f6a7-8b9c-0d1e-2f3a4b5c6d7e', '2024-09-06T11:00:00', 'CC-234567890', 1, 'No spicy sauce', 6.99, 1.33, 8.32, FALSE, NULL),
    ('c9d1e2f3-8a7b-4c3e-9d1e-4f5d6e7a8b9c', 'a4e2b14d-d1d9-4b82-a1d2-8b4d4f1c0f5f', '2024-09-06T12:30:00', 'TI-345678901', 3, 'Add pickles', 19.47, 3.69, 23.16, FALSE, NULL),
    ('d0f2e3c4-1b5a-4d6e-9f2e-4b6a7d8c9e0f', 'b7a2c9f1-0e2c-4b54-845b-9c4e3a6b9e3a', '2024-09-06T14:00:00', 'P-456789012', 2, 'Spicy, no onions', 14.98, 2.85, 17.83, FALSE, NULL),
    ('e1c2d3e4-5f6a-4b8e-9d1e-3c4f7e8a9b0d', 'e5f2d6c8-3f3e-4a7c-8c1a-d1c7b4a2e1f5', '2024-09-06T15:45:00', 'CE-567890123', 1, 'Add extra sauce', 12.99, 2.47, 15.46, FALSE, NULL),
    ('a2d3e4f5-6b7c-4e9d-8a1b-2c3d4e5f6a7b', '238f3d59-c10d-4745-913d-8f9e0d36532b', '2024-09-06T16:20:00', 'CE-678901234', 4, 'Include utensils', 19.96, 3.79, 23.75, FALSE, NULL),
    ('b3e4d5f6-7c8d-4e1f-9a2b-3c4d5e6f7a8b', 'a9d2b3e4-6f7a-4e8d-9b2c-4e5d6f7a8b9c', '2024-09-06T17:00:00', 'CC-789012345', 2, 'Add lemon', 13.98, 2.66, 16.64, FALSE, NULL),
    ('c4f5d6e7-8b9c-4e2d-9a1b-4c5d6e7f8a9b', 'c6e8b7d2-1b3a-4b8e-9d9a-8f2b3a4e5d6f', '2024-09-06T18:30:00', 'TI-890123456', 3, 'No cilantro', 38.97, 7.41, 46.38, FALSE, NULL),
    ('d5e6f7a8-9b0c-4e1d-9a2b-5c6d7e8f9a0b', 'f7e8c9d1-0d3a-4b2e-a1d9-8b7d6f5e3c1f', '2024-09-06T19:15:00', 'P-901234567', 1, 'Extra cream cheese', 5.49, 1.04, 6.53, FALSE, NULL),
    ('e6f7a8b9-0c1d-4e2e-9a3b-6c7d8e9f0b1c', 'd2e8f9a0-1b3c-4d6e-8a7b-9e0c1d2f3e4f', '2024-09-06T20:00:00', 'CE-012345678', 2, 'No garlic', 23.98, 4.56, 28.54, FALSE, NULL),
    ('f7a8b9c0-1d2e-4e3f-9a4b-7c8d9e0f1a2b', 'f4e8b7d1-2c4d-4e9a-8b6d-3c5f7a8b9e0c', '2024-09-06T21:00:00', 'CC-123456780', 1, 'No sugar', 4.79, 0.91, 5.70, FALSE, NULL);

